{
  "train_loss": [
    3.538425973811139,
    3.365405029685172,
    3.279121462077369,
    3.2128677026804127,
    3.157146208718319,
    3.108054514806009,
    3.063998152265613,
    3.0239411233522215
  ],
  "val_loss": [
    3.6422742399345918,
    3.6175709125028557,
    3.605881622996196,
    3.612420418176306,
    3.6224975576362457,
    3.6328705295501464,
    3.6435406485714585,
    3.6638304210570922
  ]
}